,SK_ID_CURR,NAME_CONTRACT_TYPE,CODE_GENDER,FLAG_OWN_CAR,FLAG_OWN_REALTY,CNT_CHILDREN,AMT_INCOME_TOTAL,AMT_CREDIT,AMT_ANNUITY,AMT_GOODS_PRICE,NAME_TYPE_SUITE,NAME_INCOME_TYPE,NAME_EDUCATION_TYPE,NAME_FAMILY_STATUS,NAME_HOUSING_TYPE,REGION_POPULATION_RELATIVE,DAYS_BIRTH,DAYS_EMPLOYED,DAYS_REGISTRATION,DAYS_ID_PUBLISH,OWN_CAR_AGE,FLAG_MOBIL,FLAG_EMP_PHONE,FLAG_WORK_PHONE,FLAG_CONT_MOBILE,FLAG_PHONE,FLAG_EMAIL,OCCUPATION_TYPE,CNT_FAM_MEMBERS,REGION_RATING_CLIENT,REGION_RATING_CLIENT_W_CITY,WEEKDAY_APPR_PROCESS_START,HOUR_APPR_PROCESS_START,REG_REGION_NOT_LIVE_REGION,REG_REGION_NOT_WORK_REGION,LIVE_REGION_NOT_WORK_REGION,REG_CITY_NOT_LIVE_CITY,REG_CITY_NOT_WORK_CITY,LIVE_CITY_NOT_WORK_CITY,ORGANIZATION_TYPE,EXT_SOURCE_1,EXT_SOURCE_2,EXT_SOURCE_3,APARTMENTS_AVG,BASEMENTAREA_AVG,YEARS_BEGINEXPLUATATION_AVG,YEARS_BUILD_AVG,COMMONAREA_AVG,ELEVATORS_AVG,ENTRANCES_AVG,FLOORSMAX_AVG,FLOORSMIN_AVG,LANDAREA_AVG,LIVINGAPARTMENTS_AVG,LIVINGAREA_AVG,NONLIVINGAPARTMENTS_AVG,NONLIVINGAREA_AVG,APARTMENTS_MODE,BASEMENTAREA_MODE,YEARS_BEGINEXPLUATATION_MODE,YEARS_BUILD_MODE,COMMONAREA_MODE,ELEVATORS_MODE,ENTRANCES_MODE,FLOORSMAX_MODE,FLOORSMIN_MODE,LANDAREA_MODE,LIVINGAPARTMENTS_MODE,LIVINGAREA_MODE,NONLIVINGAPARTMENTS_MODE,NONLIVINGAREA_MODE,APARTMENTS_MEDI,BASEMENTAREA_MEDI,YEARS_BEGINEXPLUATATION_MEDI,YEARS_BUILD_MEDI,COMMONAREA_MEDI,ELEVATORS_MEDI,ENTRANCES_MEDI,FLOORSMAX_MEDI,FLOORSMIN_MEDI,LANDAREA_MEDI,LIVINGAPARTMENTS_MEDI,LIVINGAREA_MEDI,NONLIVINGAPARTMENTS_MEDI,NONLIVINGAREA_MEDI,FONDKAPREMONT_MODE,HOUSETYPE_MODE,TOTALAREA_MODE,WALLSMATERIAL_MODE,EMERGENCYSTATE_MODE,OBS_30_CNT_SOCIAL_CIRCLE,DEF_30_CNT_SOCIAL_CIRCLE,OBS_60_CNT_SOCIAL_CIRCLE,DEF_60_CNT_SOCIAL_CIRCLE,DAYS_LAST_PHONE_CHANGE,FLAG_DOCUMENT_2,FLAG_DOCUMENT_3,FLAG_DOCUMENT_4,FLAG_DOCUMENT_5,FLAG_DOCUMENT_6,FLAG_DOCUMENT_7,FLAG_DOCUMENT_8,FLAG_DOCUMENT_9,FLAG_DOCUMENT_10,FLAG_DOCUMENT_11,FLAG_DOCUMENT_12,FLAG_DOCUMENT_13,FLAG_DOCUMENT_14,FLAG_DOCUMENT_15,FLAG_DOCUMENT_16,FLAG_DOCUMENT_17,FLAG_DOCUMENT_18,FLAG_DOCUMENT_19,FLAG_DOCUMENT_20,FLAG_DOCUMENT_21,AMT_REQ_CREDIT_BUREAU_HOUR,AMT_REQ_CREDIT_BUREAU_DAY,AMT_REQ_CREDIT_BUREAU_WEEK,AMT_REQ_CREDIT_BUREAU_MON,AMT_REQ_CREDIT_BUREAU_QRT,AMT_REQ_CREDIT_BUREAU_YEAR,DAYS_EMPLOYED_ANOM,CREDIT_INCOME_PERCENT,ANNUITY_INCOME_PERCENT,CREDIT_TERM,DAYS_EMPLOYED_PERCENT,CREDIT_INCOME_BY_AGE,ANNUITY_INCOME_BY_AGE,INCOME_TO_FAMILYSIZE
55,100426,0,F,1,1,0,157500.0,1125000.0,65313.0,1125000.0,Unaccompanied,Working,Secondary / secondary special,Married,House / apartment,0.028663,-14901,-6438.0,-3513.0,-4258,8.0,1,1,0,1,0,1,Core staff,2.0,2,2,MONDAY,13,0,0,0,0,0,0,Kindergarten,0.5193296128757853,0.5684200435668831,0.4066174366275036,,,,,,,,,,,,,,,,,,,,,,,,,,,,,,,,,,,,,,,,,,,,,,,,0.0,0.0,0.0,0.0,-1364.0,0,1,0,0,0,0,0,0,0,0,0,0,0,0,0,0,0,0,0,0,0.0,0.0,0.0,0.0,1.0,2.0,False,7.142857142857143,0.41468571428571427,0.058056,0.43205154016508956,-0.0004793542140028953,-2.7829388248152087e-05,78750.0
2947,120713,0,F,0,0,0,198000.0,675000.0,29862.0,675000.0,Unaccompanied,Commercial associate,Secondary / secondary special,Civil marriage,House / apartment,0.025164,-14709,-1112.0,-8833.0,-4279,,1,1,1,1,0,0,Sales staff,2.0,2,2,MONDAY,16,0,0,0,0,0,0,Business Entity Type 3,,0.3424659494069498,0.4206109640437848,0.1485,0.0819999999999999,0.9806,0.7348,0.0529,0.16,0.1379,0.3333,0.375,0.1207,0.121,0.1525,0.0,0.0,0.1513,0.0851,0.9806,0.7452,0.0534,0.1611,0.1379,0.3333,0.375,0.1234,0.1322,0.1589,0.0,0.0,0.1499,0.0819999999999999,0.9806,0.7383,0.0532,0.16,0.1379,0.3333,0.375,0.1228,0.1231,0.1553,0.0,0.0,reg oper spec account,block of flats,0.1489,Panel,No,2.0,0.0,2.0,0.0,-1981.0,0,1,0,0,0,0,0,0,0,0,0,0,0,0,0,0,0,0,0,0,0.0,0.0,0.0,0.0,0.0,3.0,False,3.409090909090909,0.15081818181818182,0.04424,0.07559997280576518,-0.00023176904678026442,-1.0253462629558897e-05,99000.0
3365,123574,0,F,0,0,1,135000.0,537322.5,42583.5,486000.0,Unaccompanied,Working,Higher education,Married,House / apartment,0.035792,-9682,-498.0,-180.0,-1105,,1,1,0,1,0,0,,3.0,2,2,THURSDAY,11,0,0,0,0,0,0,Self-employed,0.1586833232339392,0.6926274968152443,0.1974745115685422,,,,,,,,,,,,,,,,,,,,,,,,,,,,,,,,,,,,,,,,,,,,,,,,0.0,0.0,0.0,0.0,-761.0,0,1,0,0,0,0,0,0,0,0,0,0,0,0,0,0,0,0,0,0,0.0,0.0,0.0,0.0,1.0,1.0,False,3.980166666666667,0.31543333333333334,0.07925128763452116,0.051435653790539146,-0.0004110893066170902,-3.2579356882186876e-05,45000.0
4170,129775,0,F,0,1,1,112500.0,270000.0,21024.0,270000.0,Family,Working,Higher education,Married,House / apartment,0.028663,-9992,-3367.0,-3725.0,-1024,,1,1,0,1,0,0,Laborers,3.0,2,2,SATURDAY,13,0,0,0,0,0,0,Postal,0.4618616250664668,0.6086457769370572,,,,,,,,,,,,,,,,,,,,,,,,,,,,,,,,,,,,,,,,,,,,,,,,,0.0,0.0,0.0,0.0,-334.0,0,1,0,0,0,0,0,0,0,0,0,0,0,0,0,0,0,0,0,0,,,,,,,False,2.4,0.18688,0.07786666666666667,0.33696957566052843,-0.00024019215372297838,-1.8702962369895917e-05,37500.0
4379,131366,0,M,1,1,0,76500.0,539100.0,27522.0,450000.0,Unaccompanied,Pensioner,Secondary / secondary special,Single / not married,House / apartment,0.072508,-21578,,-2753.0,-2794,11.0,1,0,0,1,1,0,,1.0,1,1,THURSDAY,11,0,0,0,0,0,0,XNA,,0.5376900997875038,,0.3897,0.2259,0.9836,0.7756,0.2043,0.48,0.2069,0.75,0.7917,0.0,0.3118,0.4723,0.027,0.0571,0.3971,0.2344,0.9836,0.7844,0.2062,0.4834,0.2069,0.75,0.7917,0.0,0.3407,0.4921,0.0272,0.0604,0.3935,0.2259,0.9836,0.7786,0.2056,0.48,0.2069,0.75,0.7917,0.0,0.3172,0.4808,0.0272,0.0583,reg oper account,block of flats,0.3839,Panel,No,0.0,0.0,0.0,0.0,-183.0,0,0,0,0,0,0,1,0,0,0,0,0,0,0,0,0,0,0,0,0,,,,,,,False,7.047058823529412,0.35976470588235293,0.051051752921535895,,-0.00032658535654506496,-1.667275493013036e-05,76500.0
6961,151004,0,F,0,0,0,360000.0,1575000.0,65128.5,1575000.0,Unaccompanied,Working,Higher education,Single / not married,Rented apartment,0.035792,-17312,-426.0,-1048.0,-845,,1,1,1,1,0,0,Private service staff,1.0,2,2,MONDAY,17,1,1,0,1,1,0,Business Entity Type 3,0.6664301757075333,0.6137020336387216,0.3556387169923543,0.0608,0.0261,0.9851,,,0.04,0.0345,0.3333,,0.0089,,0.0384,,0.0477,0.062,0.0271,0.9851,,,0.0403,0.0345,0.3333,,0.0091,,0.04,,0.0505,0.0614,0.0261,0.9851,,,0.04,0.0345,0.3333,,0.0091,,0.0391,,0.0487,,block of flats,0.0511,"Stone, brick",No,1.0,0.0,1.0,0.0,-2126.0,0,1,0,0,0,0,0,0,0,0,0,0,0,0,0,0,0,0,0,0,0.0,0.0,0.0,0.0,1.0,0.0,False,4.375,0.1809125,0.041351428571428574,0.02460720887245841,-0.0002527148798521257,-1.0450121303142329e-05,360000.0
7714,156538,0,F,0,1,0,54000.0,360000.0,28570.5,360000.0,Family,State servant,Secondary / secondary special,Married,House / apartment,0.002042,-14000,-653.0,-5962.0,-4562,,1,1,1,1,1,0,Core staff,2.0,3,3,TUESDAY,12,0,0,0,0,0,0,Postal,0.4448005714957621,0.4670460751589418,,,,,,,,,,,,,,,,,,,,,,,,,,,,,,,,,,,,,,,,,,,,,,,,,0.0,0.0,0.0,0.0,-490.0,0,1,0,0,0,0,0,0,0,0,0,0,0,0,0,0,0,0,0,0,,,,,,,False,6.666666666666667,0.5290833333333333,0.0793625,0.046642857142857146,-0.0004761904761904762,-3.7791666666666666e-05,27000.0
9522,169331,0,F,0,1,0,76500.0,229500.0,17289.0,229500.0,Unaccompanied,Working,Secondary / secondary special,Single / not married,House / apartment,0.026392,-22481,-1680.0,-1033.0,-4916,,1,1,0,1,0,1,Security staff,1.0,2,2,MONDAY,13,0,0,0,0,0,0,Business Entity Type 3,,0.7685659920353549,0.6195277080511546,0.1485,0.0963,0.9791,,,0.16,0.1379,0.3333,,0.111,,0.14,,0.0,0.1513,0.1,0.9791,,,0.1611,0.1379,0.3333,,0.1136,,0.1459,,0.0,0.1499,0.0963,0.9791,,,0.16,0.1379,0.3333,,0.113,,0.1426,,0.0,,block of flats,0.1102,Panel,No,0.0,0.0,0.0,0.0,-631.0,0,1,0,0,0,0,0,0,0,0,0,0,0,0,0,0,0,0,0,0,0.0,0.0,0.0,0.0,0.0,1.0,False,3.0,0.226,0.07533333333333334,0.07472977180730395,-0.00013344602108447134,-1.0052933588363507e-05,76500.0
10397,175515,0,F,1,1,0,47250.0,509400.0,32683.5,450000.0,Unaccompanied,Working,Secondary / secondary special,Married,House / apartment,0.003813,-21061,-12803.0,-10438.0,-4335,17.0,1,1,1,1,1,0,Cleaning staff,2.0,2,2,THURSDAY,9,0,0,0,0,0,0,Agriculture,0.3616539941286739,0.4628029074208184,0.2940831009471255,,,,,,,,,,,,,,,,,,,,,,,,,,,,,,,,,,,,,,,,,,,,,,,,0.0,0.0,0.0,0.0,-311.0,0,1,0,0,0,0,0,0,0,0,0,0,0,0,0,0,0,0,0,0,0.0,0.0,0.0,0.0,2.0,0.0,False,10.780952380952382,0.6917142857142857,0.064160777385159,0.6079008594083851,-0.0005118917611201929,-3.284337333052969e-05,23625.0
11493,183463,0,F,0,0,1,225000.0,382050.0,30312.0,337500.0,Unaccompanied,State servant,Higher education,Single / not married,House / apartment,0.006852,-10311,-1026.0,-1623.0,-2487,,1,1,0,1,0,0,Core staff,2.0,3,3,SUNDAY,10,0,0,0,0,1,1,Government,,0.0884969871887922,0.3185955240537633,,,0.9776,,,0.0,0.1379,0.1667,,,,,,,,,0.9777,,,0.0,0.1379,0.1667,,,,,,,,,0.9776,,,0.0,0.1379,0.1667,,,,,,,,block of flats,0.0774,"Stone, brick",No,0.0,0.0,0.0,0.0,-164.0,0,1,0,0,0,0,0,0,0,0,0,0,0,0,0,0,0,0,0,0,0.0,0.0,0.0,0.0,0.0,2.0,False,1.698,0.13472,0.07934040047114252,0.09950538260110561,-0.00016467849869071865,-1.3065658035108138e-05,112500.0
12174,188449,0,F,0,1,0,112500.0,152685.0,7924.5,103500.0,,Working,Secondary / secondary special,Married,House / apartment,0.00702,-19174,-1475.0,-9721.0,-2672,,1,1,0,1,0,0,Medicine staff,2.0,2,2,MONDAY,10,0,0,0,0,1,1,Medicine,,0.166908583411974,0.0749592808990468,,,,,,,,,,,,,,,,,,,,,,,,,,,,,,,,,,,,,,,,,,,,,,,,0.0,0.0,0.0,0.0,-185.0,0,1,0,0,0,0,0,0,0,0,0,0,0,0,0,0,0,0,0,0,0.0,0.0,0.0,0.0,0.0,3.0,False,1.3572,0.07044,0.051900972590627766,0.07692708876603734,-7.078335245645144e-05,-3.673724835715031e-06,56250.0
12821,193322,0,M,1,1,0,270000.0,1125000.0,36292.5,1125000.0,Unaccompanied,Working,Higher education,Married,House / apartment,0.026392,-20181,-840.0,-6603.0,-3228,3.0,1,1,1,1,0,0,Drivers,2.0,2,2,FRIDAY,15,0,0,0,0,0,0,Other,0.4101755740988467,0.6954970766389634,0.5585066276769286,0.2031,,0.9906,0.8708,,0.24,0.2069,0.3333,0.0417,0.0,0.1656,0.2283,0.0,0.0,0.2069,,0.9906,0.8759,,0.2417,0.2069,0.3333,0.0417,0.0,0.1809,0.2379,0.0,0.0,0.2051,,0.9906,0.8725,,0.24,0.2069,0.3333,0.0417,0.0,0.1685,0.2324,0.0,0.0,,block of flats,0.1796,Panel,No,2.0,0.0,2.0,0.0,-1831.0,0,1,0,0,0,0,0,0,0,0,0,0,0,0,0,0,0,0,0,0,0.0,0.0,0.0,0.0,1.0,0.0,False,4.166666666666667,0.13441666666666666,0.03226,0.04162330905306972,-0.00020646482665213155,-6.660555307797763e-06,135000.0
13119,195293,0,F,1,0,2,139500.0,540000.0,20488.5,540000.0,Unaccompanied,State servant,Secondary / secondary special,Married,House / apartment,0.014464,-14579,-1525.0,-4461.0,-3909,7.0,1,1,1,1,0,0,Managers,4.0,2,2,WEDNESDAY,8,0,0,0,0,0,0,Other,0.5892330959965414,0.5478272169408774,0.266456808245056,0.067,0.0,0.9722,,,0.0,0.1379,0.125,,0.0307,,0.0462,,0.0403,0.0683,0.0,0.9722,,,0.0,0.1379,0.125,,0.0314,,0.0481,,0.0427,0.0677,0.0,0.9722,,,0.0,0.1379,0.125,,0.0313,,0.047,,0.0411,,block of flats,0.0423,"Stone, brick",No,0.0,0.0,0.0,0.0,-1700.0,0,1,0,0,0,0,0,0,0,0,0,0,0,0,0,0,0,0,0,0,0.0,0.0,0.0,0.0,0.0,0.0,False,3.870967741935484,0.14687096774193548,0.037941666666666665,0.10460251046025104,-0.0002655166844046563,-1.007414553412e-05,34875.0
13617,198670,0,F,0,0,0,135000.0,450000.0,19066.5,450000.0,Unaccompanied,Pensioner,Higher education,Single / not married,House / apartment,0.031329,-21084,,-5572.0,-4644,,1,0,0,1,1,0,,1.0,2,2,WEDNESDAY,6,0,0,0,0,0,0,XNA,0.5543010805279397,0.3476697875753758,0.4614823912998385,0.1361,0.056,0.9737,0.6396,0.0014,0.0,0.1034,0.125,0.1667,0.0558,0.111,0.0313,0.0,0.0159,0.1387,0.0581,0.9737,0.6537,0.0015,0.0,0.1034,0.125,0.1667,0.0571,0.1212,0.0327,0.0,0.0168,0.1374,0.056,0.9737,0.6444,0.0015,0.0,0.1034,0.125,0.1667,0.0568,0.1129,0.0319,0.0,0.0162,reg oper account,block of flats,0.0289,Block,No,0.0,0.0,0.0,0.0,-858.0,0,0,0,0,1,0,0,0,0,0,0,0,0,0,0,0,0,0,0,0,0.0,0.0,0.0,0.0,0.0,4.0,False,3.3333333333333335,0.14123333333333332,0.04237,,-0.00015809776765952064,-6.698602415733889e-06,135000.0
15393,211076,0,M,1,1,2,247500.0,522396.0,33516.0,472500.0,Unaccompanied,Working,Higher education,Married,House / apartment,0.022625,-11752,-2043.0,-616.0,-3725,10.0,1,1,0,1,0,0,Managers,4.0,2,2,WEDNESDAY,17,0,0,0,0,0,0,Business Entity Type 3,,0.6536516710223679,0.3927738606031339,,,,,,,,,,,,,,,,,,,,,,,,,,,,,,,,,,,,,,,,,,,,,,,,2.0,0.0,2.0,0.0,-1852.0,0,0,0,0,0,0,1,0,0,0,0,0,0,0,0,0,0,0,0,0,0.0,0.0,0.0,0.0,0.0,1.0,False,2.110690909090909,0.13541818181818183,0.06415822479498312,0.1738427501701838,-0.00017960269818676898,-1.1522990284052232e-05,61875.0
15993,215337,0,F,0,1,1,315000.0,894676.5,50085.0,819000.0,Unaccompanied,Commercial associate,Secondary / secondary special,Widow,House / apartment,0.01885,-20442,-4100.0,-4126.0,-3992,,1,1,0,1,0,0,Managers,2.0,2,2,SATURDAY,15,0,0,0,0,0,0,Housing,0.6742260381778332,0.6170094212695064,0.7062051096536562,0.0567,0.0768,0.9687,,,0.0,0.2069,0.125,,0.127,,0.0376,,0.0649,0.0578,0.0797,0.9687,,,0.0,0.2069,0.125,,0.1299,,0.0391,,0.0687,0.0573,0.0768,0.9687,,,0.0,0.2069,0.125,,0.1292,,0.0382,,0.0663,,block of flats,0.0626,"Stone, brick",No,6.0,0.0,6.0,0.0,-397.0,0,1,0,0,0,0,0,0,0,0,0,0,0,0,0,0,0,0,0,0,0.0,0.0,0.0,0.0,2.0,1.0,False,2.840242857142857,0.159,0.05598112837433419,0.20056745915272478,-0.00013894153493507764,-7.77810390372762e-06,157500.0
18629,235306,0,F,0,0,2,145071.0,1242000.0,51255.0,1242000.0,Unaccompanied,Commercial associate,Higher education,Married,House / apartment,0.031329,-12097,-4391.0,-714.0,-2772,,1,1,1,1,0,0,Accountants,4.0,2,2,TUESDAY,10,0,0,0,0,0,0,Trade: type 7,0.5360517619299605,0.6712085170545765,0.7662336700704004,0.1887,0.0526,0.9975,0.966,0.1471,0.2,0.069,1.0,0.75,0.0726,0.1479,0.2968,0.027,0.1094,0.1922,0.0546,0.9975,0.9673,0.1485,0.2014,0.069,1.0,0.75,0.0743,0.1616,0.3092,0.0272,0.1158,0.1905,0.0526,0.9975,0.9665,0.1481,0.2,0.069,1.0,0.75,0.0739,0.1505,0.3021,0.0272,0.1117,org spec account,block of flats,0.3376,Monolithic,No,3.0,0.0,3.0,0.0,-1593.0,0,0,0,0,0,0,0,0,0,0,0,0,0,0,0,0,0,0,0,0,0.0,0.0,0.0,0.0,0.0,1.0,False,8.561325144239717,0.35330975866989267,0.041268115942028984,0.3629825576589237,-0.0007077230010944629,-2.9206394864007e-05,36267.75
20348,247779,0,F,1,1,0,225000.0,1125000.0,40540.5,1125000.0,Unaccompanied,Working,Secondary / secondary special,Married,House / apartment,0.026392,-19859,-2667.0,-5956.0,-3390,1.0,1,1,0,1,0,0,Sales staff,2.0,2,2,FRIDAY,17,0,0,0,0,0,0,Business Entity Type 3,,0.7686009969211359,0.5082869913916046,,,,,,,,,,,,,,,,,,,,,,,,,,,,,,,,,,,,,,,,,,,,,,,,4.0,0.0,4.0,0.0,-1441.0,0,1,0,0,0,0,0,0,0,0,0,0,0,0,0,0,0,0,0,0,0.0,0.0,0.0,0.0,1.0,3.0,False,5.0,0.18018,0.036036,0.13429679238632358,-0.00025177501384762577,-9.072964399013043e-06,112500.0
20657,249832,0,F,0,1,0,450000.0,1096020.0,56092.5,900000.0,Unaccompanied,Commercial associate,Incomplete higher,Single / not married,House / apartment,0.072508,-11594,-753.0,-5903.0,-763,,1,1,0,1,0,0,Drivers,1.0,1,1,WEDNESDAY,17,0,0,0,0,0,0,Trade: type 6,0.1832349626456512,0.3566043588310296,0.1595195404777181,0.5629,0.227,0.9846,0.7892,0.848,0.64,0.2759,0.6667,0.7083,0.0,0.4509,0.585,0.0367,0.0158,0.5725,0.2306,0.9846,0.7975,0.8526,0.6445,0.2759,0.6667,0.7083,0.0,0.4876,0.6045,0.0117,0.0063,0.5683,0.227,0.9846,0.792,0.8533,0.64,0.2759,0.6667,0.7083,0.0,0.4588,0.5956,0.0369,0.0162,reg oper account,block of flats,0.4619,Panel,No,2.0,1.0,2.0,1.0,-215.0,0,1,0,0,0,0,0,0,0,0,0,0,0,0,0,0,0,0,0,0,0.0,0.0,0.0,0.0,0.0,4.0,False,2.4356,0.12465,0.051178354409591065,0.06494738657926513,-0.00021007417629808522,-1.075125064688632e-05,450000.0
21060,252870,0,M,1,0,2,315000.0,539100.0,27652.5,450000.0,Unaccompanied,Working,Secondary / secondary special,Married,House / apartment,0.010006,-10027,-1237.0,-997.0,-1524,4.0,1,1,1,1,1,0,Drivers,4.0,2,2,THURSDAY,9,0,0,0,0,1,1,Industry: type 9,0.5655788688114533,0.5477351284338345,0.2910973802776635,0.0165,0.0,0.9866,0.7892,0.004,0.0,0.0517,0.0417,0.0417,0.0,0.0168,0.0176,0.0,0.0079,0.0126,0.0,0.9846,0.7975,0.004,0.0,0.0345,0.0417,0.0417,0.0,0.0184,0.0129,0.0,0.0062,0.0167,0.0,0.9866,0.792,0.004,0.0,0.0517,0.0417,0.0417,0.0,0.0171,0.0179,0.0,0.0081,not specified,block of flats,0.0179,Wooden,No,1.0,1.0,1.0,1.0,-877.0,0,0,0,0,0,0,1,0,0,0,0,0,0,0,0,0,0,0,0,0,0.0,0.0,0.0,0.0,1.0,1.0,False,1.7114285714285715,0.08778571428571429,0.05129382303839733,0.12336690934476913,-0.0001706820157004659,-8.754933109176652e-06,78750.0
21692,257395,0,F,0,1,0,112500.0,1097896.5,35545.5,805500.0,Unaccompanied,Commercial associate,Secondary / secondary special,Married,House / apartment,0.018634,-15809,-2574.0,-2592.0,-5104,,1,1,0,1,1,0,,2.0,2,2,FRIDAY,13,0,0,0,0,0,0,School,0.5349545931613942,0.6996673711853992,0.6658549219640212,,,,,,,,,,,,,,,,,,,,,,,,,,,,,,,,,,,,,,,,,,,,,,,,0.0,0.0,0.0,0.0,-727.0,0,0,0,1,0,0,0,0,0,0,0,0,0,0,0,0,0,0,0,0,0.0,0.0,0.0,0.0,1.0,1.0,False,9.75908,0.31596,0.03237600265598806,0.16281864760579418,-0.0006173116579163768,-1.998608387627301e-05,56250.0
22521,263794,0,M,1,1,2,360000.0,213723.0,25492.5,184500.0,Family,Working,Secondary / secondary special,Married,House / apartment,0.04622,-9794,-270.0,-4541.0,-2243,10.0,1,1,0,1,0,1,Sales staff,4.0,1,1,SUNDAY,14,0,1,1,0,0,0,Realtor,0.3333921141507076,0.4115105732385462,,0.0825,0.062,0.9747,0.6532,,0.0,0.1379,0.1667,,0.0325,,0.0637,,0.0,0.084,0.0643,0.9747,0.6668,,0.0,0.1379,0.1667,,0.0333,,0.0664,,0.0,0.0833,0.062,0.9747,0.6578,,0.0,0.1379,0.1667,,0.0331,,0.0648,,0.0,reg oper account,block of flats,0.0501,"Stone, brick",No,0.0,0.0,0.0,0.0,0.0,0,0,0,0,0,0,1,0,0,0,0,0,0,0,0,0,0,0,0,0,0.0,0.0,0.0,0.0,2.0,3.0,False,0.593675,0.0708125,0.11927822461784647,0.02756789871349806,-6.0616193587910964e-05,-7.230191954257709e-06,90000.0
22835,265993,0,F,0,1,0,157500.0,809136.0,35770.5,643500.0,Unaccompanied,Working,Secondary / secondary special,Married,House / apartment,0.0228,-15034,-498.0,-9172.0,-2669,,1,1,0,1,0,1,,2.0,2,2,SUNDAY,8,0,0,0,0,0,0,Business Entity Type 3,0.5824773442174692,0.664948431698457,0.6940926425266661,,,,,,,,,,,,,,,,,,,,,,,,,,,,,,,,,,,,,,,,,,,,,,,,1.0,0.0,1.0,0.0,-2562.0,0,1,0,0,0,0,0,0,0,0,0,0,0,0,0,0,0,0,0,0,0.0,0.0,0.0,0.0,0.0,4.0,False,5.137371428571429,0.2271142857142857,0.04420826659547962,0.033124916855128375,-0.00034171687033200936,-1.5106710503810411e-05,78750.0
24533,278840,0,F,0,0,0,90000.0,853200.0,27652.5,675000.0,Unaccompanied,Working,Secondary / secondary special,Civil marriage,House / apartment,0.018209,-15179,-2605.0,-3977.0,-4893,,1,1,1,1,1,0,Sales staff,2.0,3,3,THURSDAY,17,0,0,0,0,0,0,Business Entity Type 3,0.1624516977552755,0.3416686734330512,0.8193176922872417,,,,,,,,,,,,,,,,,,,,,,,,,,,,,,,,,,,,,,,,,,,,,,,,0.0,0.0,0.0,0.0,-2145.0,0,1,0,0,0,0,0,0,0,0,0,0,0,0,0,0,0,0,0,0,0.0,0.0,0.0,0.0,0.0,5.0,False,9.48,0.30725,0.03241033755274261,0.17161868370775413,-0.0006245470716120957,-2.0241781408524937e-05,45000.0
25916,288599,0,F,0,1,0,157500.0,622413.0,31909.5,495000.0,Unaccompanied,Pensioner,Secondary / secondary special,Married,House / apartment,0.0066709999999999,-23675,,-11243.0,-4349,,1,0,0,1,1,0,,2.0,2,2,SATURDAY,14,0,0,0,0,0,0,XNA,0.8318092448095796,0.5458438921778949,0.746300213050371,0.0186,0.0542,0.9846,0.7892,0.0161,0.0,0.1034,0.0417,0.0417,0.0316,0.0151,0.017,0.0,0.0,0.0189,0.0563,0.9846,0.7975,0.0162,0.0,0.1034,0.0417,0.0417,0.0323,0.0165,0.0177,0.0,0.0,0.0187,0.0542,0.9846,0.792,0.0162,0.0,0.1034,0.0417,0.0417,0.0322,0.0154,0.0173,0.0,0.0,reg oper account,block of flats,0.0134,"Stone, brick",No,0.0,0.0,0.0,0.0,-238.0,0,0,0,0,1,0,0,0,0,0,0,0,0,0,0,0,0,0,0,0,0.0,0.0,0.0,0.0,0.0,0.0,False,3.9518285714285715,0.2026,0.0512674060471102,,-0.0001669198974204254,-8.557550158394932e-06,78750.0
27799,302856,0,F,1,0,1,225000.0,1812456.0,56254.5,1620000.0,Unaccompanied,Working,Secondary / secondary special,Married,House / apartment,0.072508,-14658,-479.0,-8540.0,-4540,7.0,1,1,1,1,1,0,,3.0,1,1,MONDAY,14,0,0,0,0,0,0,Business Entity Type 3,0.7148279547128353,0.6120937017989748,0.5513812618027899,0.0371,0.0,0.9747,0.6532,0.0031,0.0,0.1034,0.0833,0.125,0.049,0.0303,0.02,0.0,0.0,0.0378,0.0,0.9747,0.6668,0.0032,0.0,0.1034,0.0833,0.125,0.0502,0.0331,0.0208,0.0,0.0,0.0375,0.0,0.9747,0.6578,0.0032,0.0,0.1034,0.0833,0.125,0.0499,0.0308,0.0203,0.0,0.0,reg oper account,block of flats,0.024,"Stone, brick",No,0.0,0.0,0.0,0.0,-1817.0,0,1,0,0,0,0,0,0,0,0,0,0,0,0,0,0,0,0,0,0,0.0,0.0,0.0,0.0,0.0,2.0,False,8.05536,0.25002,0.031037718984626386,0.03267840087324328,-0.0005495538272615637,-1.7056897257470326e-05,75000.0
28440,307537,0,M,1,1,0,225000.0,450000.0,53536.5,450000.0,Unaccompanied,Working,Secondary / secondary special,Separated,House / apartment,0.028663,-15858,-3523.0,-8579.0,-4205,3.0,1,1,0,1,0,1,Laborers,1.0,2,2,MONDAY,9,0,0,0,0,1,1,Construction,,0.5207095629083711,0.4596904504249018,,,,,,,,,,,,,,,,,,,,,,,,,,,,,,,,,,,,,,,,,,,,,,,,4.0,0.0,4.0,0.0,-274.0,0,1,0,0,0,0,0,0,0,0,0,0,0,0,0,0,0,0,0,0,0.0,0.0,0.0,0.0,0.0,2.0,False,2.0,0.23794,0.11897,0.22215916256778911,-0.0001261193088661874,-1.5004414175810318e-05,225000.0
28617,308755,0,F,0,1,0,112500.0,248760.0,26919.0,225000.0,Unaccompanied,Working,Higher education,Married,House / apartment,0.00733,-19229,-1907.0,-3956.0,-2751,,1,1,0,1,0,0,Laborers,2.0,2,2,THURSDAY,14,0,0,0,0,0,0,Business Entity Type 3,0.608814463672902,0.3804394774548336,0.3893387918468769,0.0742,0.0,0.9935,0.9116,0.0114,0.0,0.1379,0.2083,0.25,0.0557,0.0605,0.0762,0.0,0.0,0.0756,0.0,0.9935,0.9151,0.0115,0.0,0.1379,0.2083,0.25,0.0569,0.0661,0.0794,0.0,0.0,0.0749,0.0,0.9935,0.9128,0.0115,0.0,0.1379,0.2083,0.25,0.0566,0.0616,0.0776,0.0,0.0,reg oper account,block of flats,0.0662,Panel,No,5.0,0.0,4.0,0.0,-1458.0,0,1,0,0,0,0,0,0,0,0,0,0,0,0,0,0,0,0,0,0,0.0,0.0,0.0,0.0,0.0,3.0,False,2.2112,0.23928,0.10821273516642547,0.09917312392740132,-0.00011499297935410057,-1.2443704820843517e-05,56250.0
30815,323871,0,F,1,1,0,67500.0,276277.5,15988.5,238500.0,Unaccompanied,Working,Incomplete higher,Married,House / apartment,0.022625,-11036,-3133.0,-797.0,-2114,17.0,1,1,0,1,0,0,Sales staff,2.0,2,2,TUESDAY,13,0,0,0,0,0,0,Business Entity Type 3,0.5317403345083952,0.7060291592067234,0.7610263695502636,0.0876,0.0,0.9776,0.6940000000000001,0.1168,0.0,0.2069,0.1667,0.2083,0.0,0.0714,0.0812,0.0,0.0,0.0893,0.0,0.9777,0.706,0.1179,0.0,0.2069,0.1667,0.2083,0.0,0.0781,0.0846,0.0,0.0,0.0885,0.0,0.9776,0.6981,0.1175,0.0,0.2069,0.1667,0.2083,0.0,0.0727,0.0826,0.0,0.0,reg oper account,block of flats,0.0639,Panel,No,0.0,0.0,0.0,0.0,-737.0,0,1,0,0,0,0,0,0,0,0,0,0,0,0,0,0,0,0,0,0,0.0,0.0,0.0,0.0,0.0,3.0,False,4.093,0.23686666666666667,0.05787116214675462,0.2838890902500906,-0.0003708771293947082,-2.1463090491724056e-05,33750.0
32005,333096,0,M,1,1,1,202500.0,550980.0,43659.0,450000.0,Unaccompanied,Commercial associate,Secondary / secondary special,Married,House / apartment,0.005084,-10639,-1725.0,-3295.0,-3295,7.0,1,1,0,1,0,0,Drivers,3.0,2,2,MONDAY,13,0,0,0,1,1,0,Transport: type 3,0.1415967056857408,0.4586519912748643,0.3185955240537633,,,,,,,,,,,,,,,,,,,,,,,,,,,,,,,,,,,,,,,,,,,,,,,,0.0,0.0,0.0,0.0,-727.0,0,1,0,0,0,0,0,0,0,0,0,0,0,0,0,0,0,0,0,0,0.0,0.0,0.0,0.0,0.0,2.0,False,2.7208888888888887,0.2156,0.07923881084612872,0.16213929880627878,-0.00025574667627492137,-2.0265062505874615e-05,67500.0
32261,334873,0,F,0,1,0,90000.0,85500.0,10273.5,85500.0,Family,Working,Secondary / secondary special,Married,House / apartment,0.005144,-18552,-778.0,-6553.0,-2096,,1,1,1,1,1,0,Core staff,2.0,2,2,THURSDAY,13,0,0,0,0,0,0,Hotel,0.4941159764033936,0.5794085113618647,0.2822484337007223,0.0536,0.0,0.9752,,,0.0,0.1034,0.1667,,0.0113,,0.0439,,0.0203,0.0546,0.0,0.9752,,,0.0,0.1034,0.1667,,0.0116,,0.0458,,0.0215,0.0541,0.0,0.9752,,,0.0,0.1034,0.1667,,0.0115,,0.0447,,0.0207,,block of flats,0.039,"Stone, brick",No,0.0,0.0,0.0,0.0,-2730.0,0,1,0,0,0,0,0,0,0,0,0,0,0,0,0,0,0,0,0,0,0.0,0.0,0.0,0.0,1.0,2.0,False,0.95,0.11415,0.1201578947368421,0.0419361793876671,-5.120741699008193e-05,-6.152975420439845e-06,45000.0
33278,342527,0,F,0,1,1,117000.0,746280.0,59094.0,675000.0,Unaccompanied,Working,Secondary / secondary special,Married,House / apartment,0.018029,-10493,-851.0,-1829.0,-904,,1,1,0,1,0,1,Sales staff,3.0,3,3,SATURDAY,6,0,0,0,1,1,0,Self-employed,0.3523710251591843,0.4775535072048791,0.3910549766342248,,,,,,,,,,,,,,,,,,,,,,,,,,,,,,,,,,,,,,,,,,,,,,,,1.0,1.0,1.0,0.0,-600.0,0,1,0,0,0,0,0,0,0,0,0,0,0,0,0,0,0,0,0,0,0.0,0.0,0.0,0.0,1.0,0.0,False,6.378461538461538,0.5050769230769231,0.07918475639170285,0.08110168683884494,-0.000607877779325411,-4.813465387181198e-05,39000.0
34316,350582,0,F,1,1,1,157500.0,331920.0,16096.5,225000.0,Unaccompanied,Working,Secondary / secondary special,Married,With parents,0.00823,-12556,-3107.0,-6235.0,-1874,65.0,1,1,0,1,0,1,Accountants,3.0,2,2,TUESDAY,11,0,0,0,0,1,1,Self-employed,0.3257070820575579,0.4840658134888868,0.5154953751603267,,,,,,,,,,,,,,,,,,,,,,,,,,,,,,,,,,,,,,,,,,,,,,,,1.0,0.0,1.0,0.0,-30.0,0,1,0,0,0,0,0,0,0,0,0,0,0,0,0,0,0,0,0,0,0.0,0.0,0.0,1.0,0.0,0.0,False,2.107428571428571,0.1022,0.048495119305856836,0.24745141764893278,-0.00016784235197742683,-8.13953488372093e-06,52500.0
35456,359523,0,F,0,1,0,270000.0,1350000.0,46926.0,1350000.0,Unaccompanied,Commercial associate,Higher education,Separated,House / apartment,0.006629,-10619,-1121.0,-5006.0,-1477,,1,1,0,1,0,0,Core staff,1.0,2,2,WEDNESDAY,5,0,0,0,0,0,0,Trade: type 7,0.4478499999262142,0.7104573252046082,0.1884895337951677,,,,,,,,,,,,,,,,,,,,,,,,,,,,,,,,,,,,,,,,,,,,,,,,0.0,0.0,0.0,0.0,-638.0,0,1,0,0,0,0,0,0,0,0,0,0,0,0,0,0,0,0,0,0,0.0,0.0,0.0,0.0,1.0,0.0,False,5.0,0.1738,0.03476,0.10556549580939825,-0.00047085412939071476,-1.6366889537621245e-05,270000.0
38038,378945,0,F,0,1,0,135000.0,582804.0,29884.5,463500.0,Unaccompanied,Working,Secondary / secondary special,Civil marriage,Municipal apartment,0.010032,-15437,-399.0,-60.0,-3778,,1,1,0,1,0,1,Cleaning staff,2.0,2,2,TUESDAY,5,0,0,0,0,0,0,Trade: type 7,0.5147516819232906,0.6548981705466693,,,,,,,,,,,,,,,,,,,,,,,,,,,,,,,,,,,,,,,,,,,,,,,,,0.0,0.0,0.0,0.0,-575.0,0,1,0,0,0,0,0,0,0,0,0,0,0,0,0,0,0,0,0,0,,,,,,,False,4.317066666666666,0.22136666666666666,0.0512771017357465,0.025846990995659777,-0.00027965710090475265,-1.4340005614216924e-05,67500.0
38327,381460,0,F,1,0,1,202500.0,284031.0,15538.5,229500.0,Family,Working,Higher education,Married,House / apartment,0.04622,-11481,-1659.0,-5262.0,-3608,22.0,1,1,0,1,0,0,,3.0,1,1,MONDAY,11,0,0,0,0,1,1,Industry: type 1,0.2944309616799203,0.5392389430051604,,0.0928,0.1004,0.9796,,,0.0,0.2069,0.1667,,0.0181,,0.0607,,0.0974,0.0945,0.1041,0.9796,,,0.0,0.2069,0.1667,,0.0185,,0.0632,,0.1031,0.0937,0.1004,0.9796,,,0.0,0.2069,0.1667,,0.0184,,0.0618,,0.0995,,block of flats,0.0689,Panel,No,0.0,0.0,0.0,0.0,0.0,0,1,0,0,0,0,0,0,0,0,0,0,0,0,0,0,0,0,0,0,,,,,,,False,1.4026222222222222,0.07673333333333333,0.05470705662410089,0.14449960804807943,-0.00012216899418362705,-6.683506082513138e-06,67500.0
38620,384201,0,M,0,1,0,180000.0,440784.0,34956.0,360000.0,Unaccompanied,Commercial associate,Secondary / secondary special,Single / not married,House / apartment,0.00702,-9729,-1231.0,-2414.0,-2414,,1,1,0,1,0,0,Cooking staff,1.0,2,2,TUESDAY,14,0,0,0,0,0,0,Restaurant,,0.4957596742145826,0.3910549766342248,,,,,,,,,,,,,,,,,,,,,,,,,,,,,,,,,,,,,,,,,,,,,,,,0.0,0.0,0.0,0.0,-874.0,0,1,0,0,0,0,0,0,0,0,0,0,0,0,0,0,0,0,0,0,0.0,0.0,0.0,0.0,0.0,4.0,False,2.4488,0.1942,0.07930414897092454,0.12652893411450303,-0.0002517010998047076,-1.9960941515058075e-05,180000.0
39777,392939,0,M,1,1,1,225000.0,746280.0,54306.0,675000.0,Unaccompanied,Commercial associate,Secondary / secondary special,Married,Office apartment,0.016612,-10735,-2926.0,-5016.0,-3071,3.0,1,1,1,1,0,0,Managers,3.0,2,2,TUESDAY,15,0,0,0,0,1,1,Trade: type 7,,0.486250641453933,0.6058362647264226,,,,,,,,,,,,,,,,,,,,,,,,,,,,,,,,,,,,,,,,,,,,,,,,2.0,0.0,2.0,0.0,-1377.0,0,1,0,0,0,0,0,0,0,0,0,0,0,0,0,0,0,0,0,0,0.0,0.0,0.0,0.0,1.0,4.0,False,3.3168,0.24136,0.07276893391220453,0.27256637168141595,-0.0003089706567303214,-2.2483465300419188e-05,75000.0
39920,393950,0,F,1,1,0,135000.0,664884.0,26824.5,495000.0,Unaccompanied,Pensioner,Secondary / secondary special,Married,House / apartment,0.035792,-23528,,-7381.0,-4416,21.0,1,0,0,1,0,0,,2.0,2,2,THURSDAY,11,0,0,0,0,0,0,XNA,0.856341489152568,0.5323806585802321,0.7106743858828587,0.0536,0.0515,0.9896,0.8572,0.0189,0.08,0.069,0.3333,0.375,0.0618,0.0437,0.0695,0.0,0.0,0.0546,0.0534,0.9896,0.8628,0.0191,0.0806,0.069,0.3333,0.375,0.0632,0.0478,0.0724,0.0,0.0,0.0541,0.0515,0.9896,0.8591,0.019,0.08,0.069,0.3333,0.375,0.0629,0.0445,0.0707,0.0,0.0,reg oper spec account,block of flats,0.0778,Panel,No,0.0,0.0,0.0,0.0,-2439.0,0,0,0,0,1,0,0,0,0,0,0,0,0,0,0,0,0,0,0,0,0.0,0.0,0.0,0.0,0.0,1.0,False,4.925066666666667,0.1987,0.04034463154475066,,-0.00020932789300691376,-8.445256715402924e-06,67500.0
42156,408273,0,F,1,1,0,135000.0,1094688.0,39451.5,945000.0,Family,Pensioner,Secondary / secondary special,Married,House / apartment,0.016612,-21557,,-1205.0,-4684,4.0,1,0,0,1,1,1,,2.0,2,2,WEDNESDAY,9,0,0,0,0,0,0,XNA,,0.5185043369607307,0.6817058776720116,,,,,,,,,,,,,,,,,,,,,,,,,,,,,,,,,,,,,,,,,,,,,,,,3.0,0.0,3.0,0.0,-948.0,0,1,0,0,0,0,0,0,0,0,0,0,0,0,0,0,0,0,0,0,0.0,0.0,0.0,0.0,0.0,4.0,False,8.1088,0.29223333333333334,0.036039035780057876,,-0.0003761562369531939,-1.3556308082448084e-05,67500.0
42403,409804,0,F,0,1,0,157500.0,525735.0,48348.0,450000.0,Family,State servant,Higher education,Married,House / apartment,0.003069,-12032,-640.0,-210.0,-4067,,1,1,0,1,0,0,,2.0,3,3,WEDNESDAY,17,0,0,0,0,0,0,Kindergarten,0.260938274669289,0.6123792303910497,0.470456116119975,0.0773,0.0892,0.9841,,,0.0,0.2069,0.1667,,,,0.0392,,0.0,0.0788,0.0926,0.9841,,,0.0,0.2069,0.1667,,,,0.0409,,0.0,0.0781,0.0892,0.9841,,,0.0,0.2069,0.1667,,,,0.0399,,0.0,,block of flats,0.0563,"Stone, brick",No,3.0,0.0,3.0,0.0,-364.0,0,0,0,0,0,0,1,0,0,0,0,0,0,0,0,0,0,0,0,0,0.0,0.0,0.0,0.0,0.0,0.0,False,3.338,0.30697142857142856,0.09196268081828297,0.05319148936170213,-0.00027742686170212767,-2.55129179331307e-05,78750.0
43722,418614,0,M,1,0,1,202500.0,225000.0,24363.0,225000.0,Unaccompanied,Commercial associate,Secondary / secondary special,Married,Rented apartment,0.072508,-15558,-1735.0,-2629.0,-2847,10.0,1,1,1,1,0,0,Low-skill Laborers,3.0,1,1,MONDAY,17,0,0,0,0,0,0,Industry: type 3,,0.7063467651895643,0.1411151004466126,0.0718,0.081,0.9702,0.5920000000000001,0.0,0.12,0.069,0.2917,0.3333,0.0898,0.0569,0.0944,0.0077,0.0678,0.0389,0.0456,0.9702,0.608,0.0,0.0403,0.0345,0.25,0.2917,0.0459,0.0321,0.0477,0.0078,0.0414,0.0708,0.0812,0.9702,0.5975,0.0,0.12,0.069,0.2917,0.3333,0.0861,0.0564,0.0922,0.0078,0.0591,reg oper spec account,block of flats,0.0445,"Stone, brick",No,0.0,0.0,0.0,0.0,-1032.0,0,1,0,0,0,0,0,0,0,0,0,0,0,0,0,0,0,0,0,0,0.0,0.0,0.0,0.0,0.0,0.0,False,1.1111111111111112,0.1203111111111111,0.10828,0.11151818999871449,-7.141734870234678e-05,-7.733070517490109e-06,67500.0
44063,421978,0,F,0,0,2,81000.0,312768.0,24840.0,270000.0,Unaccompanied,Working,Secondary / secondary special,Married,House / apartment,0.008575,-11513,-1465.0,-1228.0,-1430,,1,1,0,1,0,0,Managers,4.0,2,2,WEDNESDAY,16,0,0,0,1,1,0,Military,0.2815435718506611,0.0482201965052154,0.363945238612397,0.0124,,0.9697,0.5852,,0.0,0.069,0.0417,,0.0589,0.0101,0.008,,0.0038,0.0126,,0.9697,0.6014,,0.0,0.069,0.0417,,0.0603,0.011,0.0083,,0.004,0.0125,,0.9697,0.5907,,0.0,0.069,0.0417,,0.0599,0.0103,0.0081,,0.0039,reg oper account,block of flats,0.0097,"Stone, brick",No,2.0,0.0,2.0,0.0,-516.0,0,1,0,0,0,0,0,0,0,0,0,0,0,0,0,0,0,0,0,0,0.0,0.0,0.0,0.0,0.0,0.0,False,3.8613333333333335,0.30666666666666664,0.07941988950276244,0.12724745939372883,-0.000335388980572686,-2.6636555777526852e-05,20250.0
44593,425948,0,F,0,0,0,220500.0,271066.5,21546.0,234000.0,Family,Working,Secondary / secondary special,Married,House / apartment,0.00496,-18311,-931.0,-1338.0,-1317,,1,1,0,1,0,0,Medicine staff,2.0,2,2,SATURDAY,15,0,0,0,0,0,0,Business Entity Type 3,0.7211014448123808,0.4321148206833724,,,,,,,,,,,,,,,,,,,,,,,,,,,,,,,,,,,,,,,,,,,,,,,,,1.0,1.0,1.0,1.0,-312.0,0,1,0,0,0,0,0,0,0,0,0,0,0,0,0,0,0,0,0,0,,,,,,,False,1.229326530612245,0.09771428571428571,0.0794860301807859,0.0508437551198733,-6.71359582006578e-05,-5.336370799753465e-06,110250.0
44902,428933,0,M,0,0,2,193500.0,547344.0,28075.5,472500.0,Unaccompanied,Working,Secondary / secondary special,Married,House / apartment,0.00823,-14484,-1892.0,-8538.0,-4845,,1,1,0,1,0,0,Laborers,4.0,2,2,WEDNESDAY,11,0,0,0,0,1,1,Business Entity Type 3,,0.337925679202457,,,,,,,,,,,,,,,,,,,,,,,,,,,,,,,,,,,,,,,,,,,,,,,,,0.0,0.0,0.0,0.0,-803.0,0,1,0,0,0,0,0,0,0,0,0,0,0,0,0,0,0,0,0,0,0.0,0.0,0.0,0.0,1.0,2.0,False,2.8286511627906976,0.14509302325581394,0.051294067350697185,0.13062689864678265,-0.0001952948883451186,-1.00174691560214e-05,48375.0
45020,429708,0,F,0,1,0,225000.0,1001416.5,32305.5,813496.5,Children,Working,Secondary / secondary special,Separated,House / apartment,0.010006,-19832,-4352.0,-4441.0,-3381,,1,1,0,1,0,0,,1.0,2,2,FRIDAY,12,0,0,0,0,0,0,Kindergarten,0.8511858146125992,0.5807348568237216,0.2896112383820055,0.1082,,0.9935,,,0.12,0.1034,0.3333,,,,0.1313,,0.1127,0.1103,,0.9935,,,0.1208,0.1034,0.3333,,,,0.1368,,0.1193,0.1093,,0.9935,,,0.12,0.1034,0.3333,,,,0.1336,,0.1151,,block of flats,0.1277,Panel,No,8.0,1.0,8.0,0.0,-2625.0,0,1,0,0,0,0,0,0,0,0,0,0,0,0,0,0,0,0,0,0,0.0,0.0,0.0,0.0,1.0,2.0,False,4.45074,0.14358,0.03225980398765149,0.21944332392093585,-0.00022442214602662363,-7.239814441306979e-06,225000.0
45445,432551,0,M,0,1,3,450000.0,440784.0,28300.5,360000.0,Unaccompanied,Commercial associate,Incomplete higher,Single / not married,House / apartment,0.031329,-16222,-1849.0,-932.0,-5328,,1,1,0,1,0,0,Managers,4.0,2,2,WEDNESDAY,11,0,0,0,0,0,0,Business Entity Type 3,0.7440920509799845,0.4914196998606572,,,,,,,,,,,,,,,,,,,,,,,,,,,,,,,,,,,,,,,,,,,,,,,,,0.0,0.0,0.0,0.0,-564.0,0,0,0,0,0,0,0,1,0,0,0,0,0,0,0,0,0,0,0,0,,,,,,,False,0.97952,0.06289,0.06420491669389089,0.11398101343854025,-6.0382197016397485e-05,-3.876833929231907e-06,112500.0
45548,433169,0,M,1,1,0,157500.0,358344.0,26203.5,283500.0,Family,Pensioner,Secondary / secondary special,Married,House / apartment,0.035792,-21786,,-13713.0,-4445,10.0,1,0,0,1,0,0,,2.0,2,2,TUESDAY,15,0,0,0,0,0,0,XNA,,0.6297766079899384,0.5460231970049609,,,,,,,,,,,,,,,,,,,,,,,,,,,,,,,,,,,,,,,,,,,,,,,,4.0,1.0,4.0,1.0,-630.0,0,0,0,0,1,0,0,0,0,0,0,0,0,0,0,0,0,0,0,0,0.0,0.0,0.0,1.0,0.0,4.0,False,2.2752,0.16637142857142856,0.07312386980108498,,-0.00010443404020930873,-7.636621159066767e-06,78750.0
45594,433432,0,M,1,1,1,225000.0,573408.0,29407.5,495000.0,Unaccompanied,Commercial associate,Secondary / secondary special,Married,House / apartment,0.009334,-8658,-301.0,-1650.0,-1346,6.0,1,1,0,1,0,1,High skill tech staff,3.0,2,2,MONDAY,14,0,0,0,0,0,0,Construction,0.5842068682208091,0.5595638015383632,0.1301285429480269,0.0619,0.0627,0.9811,0.7416,0.0079,0.0,0.1379,0.1667,0.0,,0.0504,0.0543,0.0,0.0,0.063,0.0651,0.9811,0.7517,0.008,0.0,0.1379,0.1667,0.0,,0.0551,0.0566,0.0,0.0,0.0625,0.0627,0.9811,0.7451,0.008,0.0,0.1379,0.1667,0.0,,0.0513,0.0553,0.0,0.0,reg oper spec account,block of flats,0.0427,Panel,No,2.0,0.0,2.0,0.0,-888.0,0,1,0,0,0,0,0,0,0,0,0,0,0,0,0,0,0,0,0,0,0.0,0.0,0.0,0.0,0.0,3.0,False,2.54848,0.1307,0.05128547212456052,0.03476553476553477,-0.00029434973434973435,-1.5095865095865097e-05,75000.0
48730,456122,0,M,1,0,2,157500.0,445095.0,40824.0,405000.0,Unaccompanied,Working,Incomplete higher,Married,House / apartment,0.016612,-16019,-3759.0,-9385.0,-5120,11.0,1,1,1,1,1,0,Laborers,4.0,2,2,MONDAY,10,1,1,0,1,1,0,Self-employed,0.440055669290773,0.4081467249245,0.4596904504249018,,,,,,,,,,,,,,,,,,,,,,,,,,,,,,,,,,,,,,,,,,,,,,,,0.0,0.0,0.0,0.0,-786.0,0,1,0,0,0,0,0,0,0,0,0,0,0,0,0,0,0,0,0,0,0.0,0.0,0.0,0.0,2.0,0.0,False,2.826,0.2592,0.09171974522292993,0.23465884262438355,-0.0001764155065859292,-1.6180785317435543e-05,39375.0
